品牌名,来源,入库日期,SKU,,,,,,,,,,,,,,,,
JAK Industrial,沃尔玛-品牌限制,2026-04-22,B0F44D6H71,,,,,,,,,,,,,,,,
AWAKEN YOUR KUNDALINI,沃尔玛-品牌限制,2026-04-22,B00HLSUKDG,,,,,,,,,,,,,,,,
PotomacBeads,沃尔玛-品牌限制,2026-04-22,B0DK65TVR9,,,,,,,,,,,,,,,,
ToneShaper,沃尔玛-品牌限制,2026-04-22,B09HJK4GQ8,,,,,,,,,,,,,,,,
ohyes,沃尔玛-品牌限制,2026-04-22,B0FQBWZRTB,,,,,,,,,,,,,,,,
SKEAP,沃尔玛-品牌限制,2026-04-22,B0C98NYJF3,,,,,,,,,,,,,,,,
Alipis,沃尔玛-品牌限制,2026-04-22,B0C5XJCKTV,,,,,,,,,,,,,,,,
KleenWater,沃尔玛-品牌限制,2026-04-22,B0CJSQ1T2S,,,,,,,,,,,,,,,,
Kelly Herd,沃尔玛-品牌限制,2026-04-22,B0C926RSFK,,,,,,,,,,,,,,,,
Lasnten,沃尔玛-品牌限制,2026-04-22,B0F7X8T515,,,,,,,,,,,,,,,,
