 🛡️ SafeSellAi.com — 跨境合规护盾 | © SafeSellAi.com | 未授权传播请删除 ,,,,,,,,,,,,,,,,,,,
🎯 已知钓鱼/取证下单地址（订单审核规则用）,,,,,,,,,,,,,,,,,,,
命中以下任何地址 → 立即停止发货 + 标记拦截 + 截屏存档（街道地址 + 邮编精确匹配）,,,,,,,,,,,,,,,,,,,
,,,,,,,,,,,,,,,,,,,
律所,完整地址,街道（用于匹配）,城市,州,邮编,风险,来源/备注,,,,,,,,,,,,
GBC,"300 S Wacker Dr Suite 2500, Chicago, IL 60606",300 S Wacker Dr Suite 2500,Chicago,IL,60606,极高,GBC 律所自身办公地址，最常见的钓鱼下单地址,,,,,,,,,,,,
GBC,"300 S Wacker Dr #2500, Chicago, IL 60606",300 S Wacker Dr #2500,Chicago,IL,60606,极高,GBC，#2500 是同一办公室的另写法,,,,,,,,,,,,
GBC,300 S WACKER DR STE 2500 CHICAGO IL 60606-6771,300 S WACKER DR STE 2500,Chicago,IL,60606,极高,GBC，全大写版本,,,,,,,,,,,,
GBC,"200 W Madison St STE 2100, Chicago, IL 60606-3521",200 W Madison St STE 2100,Chicago,IL,60606,极高,GBC 第二办公地址（高频）,,,,,,,,,,,,
GBC,"200 W Madison St STE 2100 Q37, Chicago, IL 60606",200 W Madison St STE 2100 Q37,Chicago,IL,60606,极高,GBC 加 Q37 后缀（常见伪装）,,,,,,,,,,,,
GBC,"200 W Madison St STE 2100 A32, Chicago, IL 60606-0119",200 W Madison St STE 2100 A32,Chicago,IL,60606,极高,GBC 加 A32 后缀,,,,,,,,,,,,
